firstname,lastname,email,token
馨文,姜,b199356726@example.com,B199356726
克人,胡,a193244511@example.com,A193244511
彥儒,陳,c298114432@example.com,C298114432
幸年,鄭,a195796303@example.com,A195796303
峻豪,吳,a298838551@example.com,A298838551
伯胤,徐,c197082135@example.com,C197082135
珍瑋,林,d197531885@example.com,D197531885
怡君,張,e192748470@example.com,E192748470
淑婷,卓,c193386409@example.com,C193386409
姿愛,黃,f194252889@example.com,F194252889
秀青,鐘,e194020868@example.com,E194020868
志彬,張,f198995527@example.com,F198995527
毓希,陳,g294601054@example.com,G294601054
鳳花,王,a293885934@example.com,A293885934
登珠,呂,c193399522@example.com,C193399522
允珮,屠,g299857574@example.com,G299857574
佩玲,簡,c193950150@example.com,C193950150
明茂,林,c197930421@example.com,C197930421
宏芸,陳,d198841228@example.com,D198841228
蓉蓁,葉,b191782831@example.com,B191782831
夙倫,夏,e197865172@example.com,E197865172
家瑋,林,g199982007@example.com,G199982007
佩蓉,韓,g291831694@example.com,G291831694
國偉,張,c196129586@example.com,C196129586
佳容,林,b199169134@example.com,B199169134
怡如,陳,b191321918@example.com,B191321918
裕哲,葉,a296654753@example.com,A296654753
吟苓,楊,f299376975@example.com,F299376975
建宇,張,g197340592@example.com,G197340592
沛水,陳,g192637625@example.com,G192637625
舒婷,駱,c191920136@example.com,C191920136
香君,吳,h297136500@example.com,H297136500
欣怡,錢,e196988381@example.com,E196988381
國華,李,a296068051@example.com,A296068051
以書,璩,h192844489@example.com,H192844489
家豪,童,g297285543@example.com,G297285543
懿珮,顏,g297757928@example.com,G297757928
添旭,禹,g198650971@example.com,G198650971
秀孜,陳,f192401884@example.com,F192401884
雅婷,唐,g197750963@example.com,G197750963
芝信,時,a194868051@example.com,A194868051
俊豪,賴,e293309871@example.com,E293309871
怡宇,李,a295122501@example.com,A295122501
雅禾,詹,b295191052@example.com,B295191052
振瑋,許,b293102020@example.com,B293102020
馨樂,蘇,d294844636@example.com,D294844636
鈺貞,曾,b191260750@example.com,B191260750
政儒,黃,d191469559@example.com,D191469559
莉雯,徐,h295665428@example.com,H295665428
友璇,蔡,h194462592@example.com,H194462592
冠勳,賈,b195499391@example.com,B195499391
柏鈞,吳,a199494417@example.com,A199494417
季弘,林,a197391324@example.com,A197391324
昌蘭,吳,g196228551@example.com,G196228551
惠雯,蔡,e293086471@example.com,E293086471
樂城,胥,a296759584@example.com,A296759584
淑貞,崔,h199715169@example.com,H199715169
依為,李,c295346245@example.com,C295346245
惠仁,林,d296031093@example.com,D296031093
協旺,張,c297809549@example.com,C297809549
政宜,蔡,c295463394@example.com,C295463394
佑霖,彭,h297406007@example.com,H297406007
立如,陳,g197667776@example.com,G197667776
千合,潘,d294164857@example.com,D294164857
雅友,楊,d196468436@example.com,D196468436
韻儀,郭,b195254650@example.com,B195254650
秉虹,於,e199455094@example.com,E199455094
茜意,周,h192719098@example.com,H192719098
湖華,王,e194271543@example.com,E194271543
健豪,張,d199888172@example.com,D199888172
育儒,袁,e194630113@example.com,E194630113
明卿,蔡,a193432379@example.com,A193432379
潔亨,林,c297281345@example.com,C297281345
恆茜,徐,d299644010@example.com,D299644010
姿盛,李,b192920737@example.com,B192920737
美惠,李,e293856053@example.com,E293856053
忠伸,葉,e299368276@example.com,E299368276
康青,張,h299498745@example.com,H299498745
宗穎,林,c292479587@example.com,C292479587
心州,王,e197906794@example.com,E197906794
宗翰,藍,e194423298@example.com,E194423298
俊凱,楊,c291883658@example.com,C291883658
美正,劉,g295924190@example.com,G295924190
正雲,陳,a298262486@example.com,A298262486
英傑,朱,a199611249@example.com,A199611249
仁豪,陳,c196267885@example.com,C196267885
俊安,陳,h293527818@example.com,H293527818
依婷,楊,g294577062@example.com,G294577062
智翔,曹,b195992299@example.com,B195992299
淑友,黃,a196690999@example.com,A196690999
佳珊,李,c294963564@example.com,C294963564
良霞,林,b297114660@example.com,B297114660
弘愛,陳,d199188846@example.com,D199188846
立琦,林,c192960152@example.com,C192960152
玟士,王,b196395945@example.com,B196395945
家銘,林,e297338949@example.com,E297338949
雅芬,王,e298249110@example.com,E298249110
淑萍,賴,c296441409@example.com,C296441409
雪珠,鄭,d294349261@example.com,D294349261
家祥,周,c194001549@example.com,C194001549